Model,MAE,RMSE
LSTM,0.0666561655670654,0.09283209452516389
Attention,0.12120281468802822,0.14886017466027826
