Model,MAE,RMSE
LSTM,0.06756954046854605,0.09312781720292848
Attention,0.11654037551051007,0.13995863243827
